<?xml version="1.0" encoding="UTF-8"?>
<!DOCTYPE mapper PUBLIC "-//mybatis.org//DTD Mapper 3.0//EN" "http://mybatis.org/dtd/mybatis-3-mapper.dtd">
<mapper namespace="Trainer">
	<insert id="join" parameterType="trainerVO">
		INSERT INTO DG_TRAINER(TRAINERID,TRAINERPW,TRAINERNAME,TRAINERPHONENUM,TRAINERGENDER,TRAINEREMAIL,TRAINERACCOUNT,TRAINERADDRESSZIPCODE,
		TRAINERADDRESS,TRAINERADDRESSDETAIL,TRAINERURL,TRAINERNUM)
		 VALUES (#{trainerId},#{trainerPw},#{trainerName},#{trainerPhoneNum},#{trainerGender},#{trainerEmail},#{trainerAccount},#{trainerAddressZipCode},
		 #{trainerAddress},#{trainerAddressDetail},#{trainerUrl},DG_TRAINER_SEQ.NEXTVAL)		
	</insert>
	
	<select id="imagelistAll" parameterType="string" resultType="SnsFilesVO">
		SELECT * FROM SNSFILENAME WHERE TRAINERID = #{trainerId} ORDER BY CATEGORYNUM DESC
	</select>
	
	<select id="getProfile" parameterType="string" resultType="string">
		SELECT FILENAME FROM SNSFILENAME WHERE FILENAME = #{fileName}
	</select>
	<select id="getProfileTrainer" parameterType="string" resultType="string">
		SELECT FILENAME FROM(SELECT * FROM PROFILENAME  WHERE TRAINERID='TEST2' ORDER BY ROWNUM DESC) WHERE ROWNUM = 1 
	</select>
	
	<select id="checkId" parameterType="string" resultType="_int">
		SELECT COUNT(*) FROM DG_TRAINER WHERE TRAINERID = #{trainerId}	
	</select>
	
	<select id="login" parameterType="map" resultType="_int">
		SELECT COUNT(*) FROM DG_TRAINER WHERE TRAINERID = #{id} AND TRAINERPW = #{pw}		
	</select>
	
	<select id="findId" parameterType="string" resultType="string">
		SELECT TRAINERID FROM DG_TRAINER WHERE TRAINERPHONENUM =#{PhoneNum}
	</select>
	
	<select id="findPw" parameterType="map" resultType="string">
		SELECT TRAINERID FROM DG_TRAINER WHERE TRAINERID =#{id} AND TRAINERPHONENUM =#{PhoneNum}
	</select>
	
	
	<update id="changePw" parameterType="map">
		UPDATE DG_TRAINER SET TRAINERPW =#{pw} WHERE TRAINERID =#{id}
	</update>
	
	
	<select id ="getTrainerNum" resultType="_int">
		SELECT DG_TRAINER_SEQ.CURRVAL FROM DUAL	
	</select>
	
	<!-- 트레이너 총 인원수 -->
	<select id="trainerCnt" resultType="_int">
		SELECT COUNT(*) FROM DG_TRAINER
	</select>
	
	<select id="getDetail" parameterType="string" resultType="trainerVO">
		SELECT * FROM DG_TRAINER
		WHERE TRAINERID = #{trainerId}
	</select>
	
	<update id="updateAccount" parameterType="trainerVO">
		UPDATE DG_TRAINER 
		SET TRAINERACCOUNT = #{trainerAccount}
		WHERE TRAINERID = #{trainerId}
	</update>
	
	<update id="updateURL" parameterType="trainerVO">
		UPDATE DG_TRAINER 
		SET TRAINERURL = #{trainerUrl}
		WHERE TRAINERID = #{trainerId}
	</update>
	
	<delete id="myPageDrawal" parameterType="trainerVO">
	DELETE FROM DG_TRAINER WHERE TRAINERID = #{trainerId} AND TRAINERPW = #{trainerPw}
	</delete>
	
	<select id="getSnsNum" resultType="_int">
		SELECT DG_SNS_SEQ.NEXTVAL FROM DUAL
	</select>
	<select id="getProNum" resultType="_int">
		SELECT DG_PROFILE_SEQ.NEXTVAL FROM DUAL
	</select>
	
	<!-- 포인트 충전 -->
	<update id="chargeTrainerPoint" parameterType="trainerVO">
		UPDATE DG_TRAINER SET TRAINERPOINT = TRAINERPOINT + #{trainerPoint} WHERE TRAINERID = #{trainerId}
	</update>
	
	<!-- 트레이너 목록에서 랜덤으로 5개씩 가져오기 -->
	<select id="trainerList" parameterType="map" resultType="trainerVO">
		SELECT * FROM
			(SELECT ROWNUM R, T.* FROM
				(SELECT * FROM DG_TRAINER ORDER BY DBMS_RANDOM.VALUE) T) B
		WHERE B.R BETWEEN #{startRow} AND #{endRow}
	</select>
	
	<!-- 누적회원수 가장 많은 TOP3 가져오기 -->
	<select id="top3" resultType="trainerVO">
		SELECT * FROM DG_TRAINER 
		WHERE TRAINERID IN( 
			SELECT TRAINERID FROM 
				(SELECT T.TRAINERID, COUNT(*) C FROM DG_TRADE T GROUP BY T.TRAINERID HAVING COUNT(*) <![CDATA[>]]> 0 ORDER BY C DESC)
			WHERE ROWNUM <![CDATA[<=]]> 3)
	</select>
</mapper>
