<?xml version="1.0" encoding="UTF-8"?>
<!DOCTYPE mapper PUBLIC "-//mybatis.org//DTD Mapper 3.0//EN" "http://mybatis.org/dtd/mybatis-3-mapper.dtd">
<mapper namespace="Review">
	<!-- Review 작성하기 -->
	<insert id="reviewWrite" parameterType="reviewVO">
		INSERT INTO DG_REVIEW VALUES(SYSDATE, DG_REVIEW_SEQ.NEXTVAL, #{trainerId}, #{memberId}, #{reviewContent})
	</insert>
	
	<!-- 현재 시퀀스 얻어오기 -->
	<select id="getReviewNum" resultType="_int">
		SELECT DG_REVIEW_SEQ.CURRVAL FROM DUAL
	</select>
	
	<!-- 총 Review 개수 얻어오기 -->
	<select id="getReviewCnt" resultType="_int">
		SELECT COUNT(*) FROM DG_REVIEW
	</select>
	
	<!-- Review 리스트 -->
	<select id="getReviewList" parameterType="map" resultType="reviewVO">
		SELECT * FROM
			(SELECT ROWNUM R, D.* FROM
				(SELECT * FROM DG_REVIEW ORDER BY REVIEWNUM DESC) D) B
		WHERE B.R BETWEEN #{startRow} AND #{endRow} 
	</select>
	
	<!-- Review 게시글 가져오기 -->
	<select id="getReviewDetail" parameterType="_int" resultType="reviewVO">
		SELECT * FROM DG_REVIEW WHERE REVIEWNUM = #{reviewNum}
	</select>
	
	<!-- Review 게시글 삭제하기 -->
	<delete id="deleteReview" parameterType="_int">
		DELETE DG_REVIEW WHERE REVIEWNUM = #{reviewNum}
	</delete>
	
	<!-- Review 게시글 수정하기 -->
	<update id="updateReview" parameterType="reviewVO">
		UPDATE DG_REVIEW SET REVIEWCONTENT = #{reviewContent}, UPLOAD = SYSDATE WHERE REVIEWNUM = #{reviewNum}
	</update>
</mapper>