<?xml version="1.0" encoding="UTF-8"?>
<!DOCTYPE mapper PUBLIC "-//mybatis.org//DTD Mapper 3.0//EN" "http://mybatis.org/dtd/mybatis-3-mapper.dtd">
<mapper namespace="com.koreait.mapper.BoardMapper">
	<select id="getList" resultType="com.koreait.domain.BoardVO">
		<![CDATA[
			SELECT * FROM TBL_BOARD WHERE BNO > 0
		]]>
	</select>
	
	<sql id="criteria">
		<if test="type != null and keyword != null">
			<trim prefix="(" suffix=") AND" prefixOverrides="OR">
				<foreach item="type" collection="typeArr">
					<trim prefix="OR">
						<choose>
							<when test="type == 'T'.toString()">
								TITLE LIKE '%'||#{keyword}||'%'
							</when>
							<when test="type == 'C'.toString()">
								CONTENT LIKE '%'||#{keyword}||'%'
							</when>
							<when test="type == 'W'.toString()">
								WRITER LIKE '%'||#{keyword}||'%'
							</when>
							<otherwise>
								TITLE LIKE '%'||#{keyword}||'%' OR CONTENT LIKE '%'||#{keyword}||'%' OR WRITER LIKE '%'||#{keyword}||'%'
							</otherwise>
						</choose>
					</trim>
				</foreach>
			</trim>
		</if>
	</sql>
	
	<!-- 여기서 #{cri.amount}라고 안쓰는 이유는 매개변수로 어차피 객체가 하나밖에 안들어왔기 때문에 자동으로 매핑된다. -->
	<select id="getListWithPaging" resultType="com.koreait.domain.BoardVO">
		
			SELECT BNO, TITLE, CONTENT, WRITER, REGDATE, UPDATEDATE, REPLYCNT
			FROM
				(SELECT /*+ INDEX_DESC(TBL_BOARD PK_BOARD) */ 
					ROWNUM RN, BNO, TITLE, CONTENT, WRITER, REGDATE, UPDATEDATE, REPLYCNT
					FROM TBL_BOARD WHERE
				<include refid="criteria"></include>
		<![CDATA[
				ROWNUM <= #{pageNum} * #{amount})
			WHERE RN > (#{pageNum} - 1) * #{amount}
		]]>
	</select>
	
	<select id="getTotal" resultType="_int">
		SELECT COUNT(BNO) FROM TBL_BOARD
		<where>
			<trim suffixOverrides="AND">
				<include refid="criteria"/>
			</trim>
		</where>
	</select>
	<!-- 
		SELECT COUNT(BNO) FROM TBL_BOARD WHERE
		<include refid="criteria"/>
		<![CDATA[BNO > 0]]>
		※ 위에꺼가 더 빠름 왜냐하면 얘는 WHERE절에 조건이 2개라서
	-->
	<insert id="insert">
		INSERT INTO TBL_BOARD (BNO, TITLE, CONTENT, WRITER) 
		VALUES(SEQ_BOARD.NEXTVAL, #{title}, #{content}, #{writer})
	</insert>
	
	<!-- 
		PK값을 미리 SQL을 통해서 처리하는 방식
		SQL을 한 번 더 실행하는 부담이 있기는 하지만 자동으로 추가되는 PK값을 확인해야 하는 상황에서는
		유용하게 사용될 수 있다.
	-->
	<insert id="insertSelectKey_bno">
		<selectKey keyProperty="bno" order="BEFORE" resultType="long">
			SELECT SEQ_BOARD.NEXTVAL FROM DUAL
		</selectKey>
		INSERT INTO TBL_BOARD (BNO, TITLE, CONTENT, WRITER) 
		VALUES(#{bno}, #{title}, #{content}, #{writer})
	</insert>
	
	<select id="read" resultType="com.koreait.domain.BoardVO">
		SELECT * FROM TBL_BOARD WHERE BNO = #{bno}
	</select>
	
	<delete id="delete">
		DELETE FROM TBL_BOARD WHERE BNO = #{bno}
	</delete>
	
	<update id="update">
		UPDATE TBL_BOARD 
		SET TITLE = #{title}, CONTENT = #{content}, UPDATEDATE = SYSDATE 
		WHERE BNO = #{bno}
	</update>
	
	<update id="updateReplyCnt">
		UPDATE TBL_BOARD
		SET REPLYCNT = REPLYCNT + #{amount}
		WHERE BNO = #{bno}
	</update>
</mapper>