<?xml version="1.0" encoding="UTF-8"?>
<!DOCTYPE mapper PUBLIC "-//mybatis.org//DTD Mapper 3.0//EN" "http://mybatis.org/dtd/mybatis-3-mapper.dtd">
<mapper namespace="com.koreait.mapper.ReplyMapper">
	<insert id="insert">
		INSERT INTO TBL_REPLY(RNO, BNO, REPLY, REPLYER)
		VALUES(REQ_REPLY.NEXTVAL, #{bno}, #{reply}, #{replyer})
	</insert>

	<select id="read" resultType="com.koreait.domain.ReplyVO">
		SELECT RNO, BNO, REPLY, REPLYER, REPLYDATE, UPDATEDATE FROM TBL_REPLY
		WHERE RNO = #{rno}
	</select>
	
	<select id="getListWithPaging" resultType="com.koreait.domain.ReplyVO">
		<![CDATA[
			SELECT ROWNUM RN, RNO, BNO, REPLY, REPLYER, REPLYDATE, UPDATEDATE 
			FROM
				(SELECT /*+ INDEX_DESC(TBL_REPLY PK_REPLY) */
					ROWNUM RN, RNO, BNO, REPLY, REPLYER, REPLYDATE, UPDATEDATE
				FROM TBL_REPLY
				WHERE BNO = #{bno} AND ROWNUM <= #{cri.pageNum} * #{cri.amount})
			WHERE RN > (#{cri.pageNum} - 1) * #{cri.amount}
		]]>
	</select>
	
	<delete id="delete">
		DELETE FROM TBL_REPLY WHERE RNO = #{rno}
	</delete>
	
	<update id="update">
		UPDATE TBL_REPLY SET REPLY = #{reply}, UPDATEDATE = SYSDATE WHERE RNO = #{rno}
	</update>
	
   <select id="getTotal" resultType="_int">
		SELECT COUNT(RNO) FROM TBL_REPLY WHERE BNO = #{bno}
   </select>
</mapper>