<?xml version="1.0" encoding="UTF-8"?>
<!DOCTYPE mapper PUBLIC "-//mybatis.org//DTD Mapper 3.0//EN" "http://mybatis.org/dtd/mybatis-3-mapper.dtd">
<mapper namespace="com.solo.mapper.AttachMapper">
	<insert id="insert">
		INSERT INTO SOLO_ATTACH(UUID, UPLOADPATH, FILENAME, FILETYPE, BNO)
		VALUES(#{uuid}, #{uploadPath}, #{fileName}, #{fileType}, #{bno})
	</insert>
	
	<delete id="delete">
		DELETE FROM SOLO_ATTACH WHERE UUID = #{uuid}
	</delete>
	
	<delete id="deleteAll">
		DELETE FROM SOLO_ATTACH WHERE BNO = #{bno}
	</delete>
	
	<select id="findByBno" resultType="com.solo.domain.AttachVO">
		SELECT * FROM SOLO_ATTACH WHERE BNO = #{bno}
	</select>

</mapper>