<?xml version="1.0" encoding="UTF-8"?>
<!DOCTYPE mapper PUBLIC "-//mybatis.org//DTD Mapper 3.0//EN" "http://mybatis.org/dtd/mybatis-3-mapper.dtd">
<mapper namespace="com.solo.mapper.BoardMapper">
	<insert id="insertSelectKey_bno">
		<selectKey keyProperty="bno" order="BEFORE" resultType="long">
			SELECT SEQ_SOLO.NEXTVAL FROM DUAL
		</selectKey>
		INSERT INTO SOLO_BOARD(BNO, ID, TITLE, CONTENT)
		VALUES(#{bno}, #{id}, #{title}, #{content})
	</insert>
	
	<sql id="criteria">
		<if test="type != null and keyword != null">
			<trim prefix="(" suffix=") AND" prefixOverrides="OR">
				<foreach item="type" collection="typeArr">
					<trim prefix="OR">
						<choose>
							<when test="type == 'I'.toString()">
								ID LIKE '%'||#{keyword}||'%'
							</when>
							<when test="type == 'T'.toString()">
								TITLE LIKE '%'||#{keyword}||'%'
							</when>
							<when test="type == 'C'.toString()">
								CONTENT LIKE '%'||#{keyword}||'%'
							</when>
							<otherwise>
								ID LIKE '%'||#{keyword}||'%' OR TITLE LIKE '%'||#{keyword}||'%' OR CONTENT LIKE '%'||#{keyword}||'%'
							</otherwise>
						</choose>
					</trim>
				</foreach>
			</trim>
		</if>
	</sql>
	
	<select id="getListWithPaging" resultType="com.solo.domain.BoardVO">
		SELECT BNO, ID, TITLE, CONTENT, REGDATE, UPDATEDATE FROM
		(SELECT /*+ INDEX_DESC(SOLO_BOARD PK_SOLO_BOARD)*/ 
		ROWNUM RN, BNO, ID, TITLE, CONTENT, REGDATE, UPDATEDATE
		FROM SOLO_BOARD WHERE <include refid="criteria"/> ROWNUM <![CDATA[<=]]> #{pageNum} * #{amount})
		WHERE RN <![CDATA[>]]> (#{pageNum} - 1) * #{amount}   
	</select>
	
	<update id="update">
		UPDATE SOLO_BOARD
		SET CONTENT = #{content}, UPDATEDATE = SYSDATE
		WHERE BNO = #{bno}
	</update>
	
	<delete id="delete">
		DELETE FROM SOLO_BOARD WHERE BNO = #{bno}
	</delete>
	
	<select id="read" resultType="com.solo.domain.BoardVO">
		SELECT BNO, ID, TITLE, CONTENT, REGDATE, UPDATEDATE FROM SOLO_BOARD WHERE BNO = #{bno}
	</select>
	
	<select id="getTotal" resultType="_int">
		SELECT COUNT(BNO) FROM SOLO_BOARD
		<where>
			<trim suffixOverrides="AND">
				<include refid="criteria"/>
			</trim>
		</where>
	</select>
</mapper>