<?xml version="1.0" encoding="UTF-8"?>
<!DOCTYPE mapper PUBLIC "-//mybatis.org//DTD Mapper 3.0//EN" "http://mybatis.org/dtd/mybatis-3-mapper.dtd">
<mapper namespace="com.solo.mapper.ReplyMapper">
	<insert id="insert">
		INSERT INTO SOLO_REPLY(RNO, BNO, REPLY, ID)
		VALUES(SEQ_SOLO_REPLY.NEXTVAL, #{bno}, #{reply}, #{id})
	</insert>
	
	<update id="update">
		UPDATE SOLO_REPLY
		SET REPLY = #{reply}, UPDATEDATE = SYSDATE
		WHERE RNO = #{rno}
	</update>
	
	<delete id="delete">
		DELETE FROM SOLO_REPLY WHERE RNO = #{rno}
	</delete>
	
	<select id="read" resultType="com.solo.domain.ReplyVO">
		SELECT RNO, BNO, REPLY, ID, REGDATE, UPDATEDATE FROM SOLO_REPLY WHERE RNO = #{rno}
	</select>
	
	<select id="getListWithPaging" resultType="com.solo.domain.ReplyVO">
		<![CDATA[
			SELECT RNO, BNO, REPLY, ID, REGDATE, UPDATEDATE 
			FROM
				(SELECT /*+ INDEX_DESC(SOLO_REPLY PK_SOLO_REPLY)*/ 
					ROWNUM RN, RNO, BNO, REPLY, ID, REGDATE, UPDATEDATE 
				FROM SOLO_REPLY
				WHERE BNO = #{bno} AND ROWNUM <= #{cri.pageNum} * #{cri.amount})
			WHERE RN > (#{cri.pageNum} - 1) * #{cri.amount}
		]]>
	</select>
	
	<select id="getTotal" resultType="_int">
		SELECT COUNT(BNO) FROM SOLO_REPLY WHERE BNO = #{bno}
	</select>
</mapper>