<?xml version="1.0" encoding="UTF-8"?>
<beans xmlns="http://www.springframework.org/schema/beans"
	xmlns:xsi="http://www.w3.org/2001/XMLSchema-instance"
	xmlns:context="http://www.springframework.org/schema/context"
	xmlns:mybatis-spring="http://mybatis.org/schema/mybatis-spring"
	xmlns:aop="http://www.springframework.org/schema/aop"
	xmlns:task="http://www.springframework.org/schema/task"
	xmlns:tx="http://www.springframework.org/schema/tx"
	xsi:schemaLocation="http://mybatis.org/schema/mybatis-spring http://mybatis.org/schema/mybatis-spring-1.2.xsd
		http://www.springframework.org/schema/task http://www.springframework.org/schema/task/spring-task-4.3.xsd
		http://www.springframework.org/schema/beans https://www.springframework.org/schema/beans/spring-beans.xsd
		http://www.springframework.org/schema/context http://www.springframework.org/schema/context/spring-context-4.3.xsd
		http://www.springframework.org/schema/aop http://www.springframework.org/schema/aop/spring-aop-4.3.xsd
		http://www.springframework.org/schema/tx http://www.springframework.org/schema/tx/spring-tx-4.3.xsd">
	
	<!-- Root Context: defines shared resources visible to all other web components -->
	<bean id="hikariConfig" class="com.zaxxer.hikari.HikariConfig">
		<!-- <property name="driverClassName" value="oracle.jdbc.driver.OracleDriver"/>
		<property name="jdbcUrl" value="jdbc:oracle:thin:@132.226.169.45:1521:XE"/> -->
		<property name="driverClassName" value="net.sf.log4jdbc.sql.jdbcapi.DriverSpy"/>
		<property name="jdbcUrl" value="jdbc:log4jdbc:oracle:thin:@camp-fire.kro.kr:1521:XE"/>
		<property name="username" value="camp"/>
		<property name="password" value="camp"/>
	</bean>
	
	<!-- DataSource dataSource = new DataSource(hikariConfig) -->
	<bean id="dataSource" class="com.zaxxer.hikari.HikariDataSource" destroy-method="close">
		<constructor-arg ref="hikariConfig"/>
	</bean>
	
	<bean id="sqlSessionFactory" class="org.mybatis.spring.SqlSessionFactoryBean">
		<property name="dataSource" ref="dataSource"/>
		<property name="configuration">
			<bean class="org.apache.ibatis.session.Configuration">
				<property name="mapUnderscoreToCamelCase" value="true"/>
			</bean>
		</property>
		<property name="mapperLocations" value="classpath:/META-INF/com/campfire/mapper/**/*.xml"/>
		<!-- <property name="configLocation" value="classpath:/META-INF/com/koreait/config/MapperConfig.xml"/> -->
	</bean>
	
	<mybatis-spring:scan base-package="com.campfire.mapper"/>
	<context:component-scan base-package="com.campfire.service"/>
	<context:component-scan base-package="com.campfire.exception"/>
	<context:component-scan base-package="com.campfire.task"/>
	<task:annotation-driven/>
</beans>