<?xml version="1.0" encoding="UTF-8"?>
<!DOCTYPE mapper PUBLIC "-//mybatis.org//DTD Mapper 3.0//EN" "http//mybatis.org/dtd/mybatis-3-mapper.dtd">
<mapper namespace="Member">
	<insert id="join" parameterType="memberVO">
		INSERT INTO DG_MEMBER(MEMBERID,MEMBERPW,MEMBERPHONE)
		VALUES(
			#{memberId}, #{memberPw}, #{memberPhone}
		)
	</insert>
	
	<select id="checkId" parameterType="string" resultType="_int">
		SELECT COUNT(*) FROM DG_MEMBER WHERE MEMBERID =#{memberId}
	</select>
	
	<select id="login" parameterType="map" resultType="_int">
		SELECT COUNT(*) FROM DG_MEMBER 
		WHERE MEMBERID =#{id} AND MEMBERPW =#{pw} 
	</select>
	
	<select id="findId" parameterType="string" resultType="string">
		SELECT MEMBERID FROM DG_MEMBER WHERE MEMBERPHONE =#{PhoneNum}
	</select>
	
	<select id="findPw" parameterType="map" resultType="string">
		SELECT MEMBERID FROM DG_MEMBER WHERE MEMBERID =#{id} AND MEMBERPHONE =#{PhoneNum} 
	</select>
	
	<update id="changePw" parameterType="memberVO">
		UPDATE DG_MEMBER SET MEMBERPW =#{pw} WHERE MEMBERID =#{id}
	</update>
	
	
	
	<delete id="withdrawal" parameterType="map">
		DELETE DG_MEMBER WHERE MEMBERID =#{id} AND MEMBERPW = #{pw}
	</delete>
	
	
	<!-- 포인트 충전 -->
	<update id="chargePoint" parameterType="memberVO">
		UPDATE DG_MEMBER SET MEMBERPOINT = MEMBERPOINT + #{memberPoint} WHERE MEMBERID = #{memberId}
	</update>
	
	<!--회원사진게시판작성  -->
	<insert id="photoBoardWrite" parameterType="PhotoBoardVO" >
		INSERT INTO DG_PHOTOBOARD(PHOTOBOARDNUM, PHOTOBOARDTITLE, MEMBERID, PHOTOBOARDCONTENT) VALUES(
		DG_PHOTO_SEQ.NEXTVAL,#{photoBoardTitle},#{memberId},#{photoBoardContent})
	</insert>
	
	<update id="updateReadCount" parameterType="_int">
		UPDATE DG_PHOTOBOARD SET READCOUNT = READCOUNT+1 WHERE PHOTOBOARDNUM =#{photoBoardNum}
	</update>
	
	<select id="selectBoardNum" resultType="_int">
		SELECT DG_PHOTO_SEQ.CURRVAL FROM DUAL
	</select>
	
	<!--회원사진게시판 페이지리스트  -->
	<select id="listAll" parameterType="map" resultType="PhotoBoardVO">
		SELECT *FROM
		 (SELECT ROWNUM R, D.* FROM 
		(SELECT *FROM DG_PHOTOBOARD ORDER BY PHOTOBOARDNUM DESC) D) B 
		WHERE B.R BETWEEN #{startRow} AND #{endRow}
	</select>
	
	<select id="getBoardCnt" resultType="_int">
		SELECT COUNT(*) FROM DG_PHOTOBOARD
	</select>
</mapper>