<?xml version="1.0" encoding="UTF-8"?>
<!DOCTYPE mapper PUBLIC "-//mybatis.org//DTD Mapper 3.0//EN" "http://mybatis.org/dtd/mybatis-3-mapper.dtd">
<mapper namespace="Qna">
	<insert id="insertQnaBoard" parameterType="qnaVO">
		INSERT INTO DG_QNA VALUES (DG_QNA_SEQ.NEXTVAL,SYSDATE,#{qnaTitle},#{memberId},#{qnaContent},0)
	</insert>
	
	<select id="test" resultType="qnaVO">
		SELECT * FROM DG_QNA
	</select>
	
	<select id="getBoardCnt" resultType="_int">
		SELECT COUNT(*) FROM DG_QNA
	</select>
	
	<update id="updateBoard" parameterType="qnaVO">
		UPDATE DG_QNA
		SET  QNATITLE = #{qnaTitle}, QNACONTENT = #{qnaContent} 
		WHERE QNANUM = #{qnaNum}
	</update>
	
	<delete id="deleteBoard" parameterType="_int">
		DELETE DG_QNA
		WHERE QNANUM = #{qnaNum}
	</delete>
	
		<select id="getBoardNum" resultType="_int">
		SELECT DG_QNA_SEQ.CURRVAL FROM DUAL
	</select>
	
	<select id="listAll" parameterType="map" resultType="qnaVO">
		SELECT * FROM 
			(SELECT ROWNUM R, D.* FROM 
				(SELECT * FROM DG_QNA ORDER BY QNANUM DESC) D) B
		WHERE B.R BETWEEN #{startRow} AND #{endRow}
	</select>
		<select id="getDetail" parameterType="_int" resultType="qnaVO">
		SELECT * FROM DG_QNA 
		WHERE QNANUM = #{qnaNum}
	</select>
	
	<select id="getReplyList" parameterType="_int" resultType="QreplyVO">
		SELECT * FROM DG_QREPLY WHERE QNANUM = #{qnaNum} ORDER BY QREPLYNUM DESC
	</select>
	
	<update id="updateReadCount" parameterType="_int">
		UPDATE DG_QNA 
		SET READCOUNT = READCOUNT + 1 
		WHERE QNANUM = #{qnaNum}
	</update>
	
	<insert id="insertReply" parameterType="QreplyVO">
		INSERT INTO DG_QREPLY 
		VALUES(DG_QREPLY_SEQ.NEXTVAL,SYSDATE,#{qnaNum},#{memberId},#{qreplyContent})	
	</insert>
	
	<delete id="deleteReply" parameterType="_int">
		DELETE FROM DG_QREPLY WHERE QREPLYNUM = #{qreplyNum}
	</delete>
	
	<update id="updateReply" parameterType="QreplyVO">
		UPDATE DG_QREPLY SET QREPLYCONTENT = #{qreplyContent} WHERE QREPLYNUM = #{qreplyNum}
	</update>
	
</mapper>