<?xml version="1.0" encoding="UTF-8"?>
<!DOCTYPE mapper PUBLIC "-//mybatis.org//DTD Mapper 3.0//EN" "http://mybatis.org/dtd/mybatis-3-mapper.dtd">
<mapper namespace="Trainer">
	<insert id="join" parameterType="trainerVO">
		INSERT INTO DG_TRAINER(TRAINERID,TRAINERPW,TRAINERNAME,TRAINERPHONENUM,TRAINERGENDER,TRAINEREMAIL,TRAINERACCOUNT,TRAINERADDRESSZIPCODE,
		TRAINERADDRESS,TRAINERADDRESSDETAIL,TRAINERURL,TRAINERNUM)
		 VALUES (#{trainerId},#{trainerPw},#{trainerName},#{trainerPhoneNum},#{trainerGender},#{trainerEmail},#{trainerAccount},#{trainerAddressZipCode},
		 #{trainerAddress},#{trainerAddressDetail},#{trainerUrl},DG_TRAINER_SEQ.NEXTVAL)		
	</insert>
	
	<select id="checkId" parameterType="string" resultType="_int">
		SELECT COUNT(*) FROM DG_TRAINER WHERE TRAINERID = #{trainerId}	
	</select>
	
	<select id="login" parameterType="map" resultType="_int">
		SELECT COUNT(*) FROM DG_TRAINER WHERE TRAINERID = #{id} AND TRAINERPW = #{pw}		
	</select>
	
	<select id="findId" parameterType="string" resultType="string">
		SELECT TRAINERID FROM DG_TRAINER WHERE TRAINERPHONENUM =#{PhoneNum}
	</select>
	
	<select id="findPw" parameterType="map" resultType="string">
		SELECT TRAINERID FROM DG_TRAINER WHERE TRAINERID =#{id} AND TRAINERPHONENUM =#{PhoneNum}
	</select>
	
	
	<update id="changePw" parameterType="map">
		UPDATE DG_TRAINER SET TRAINERPW =#{pw} WHERE TRAINERID =#{id}
	</update>
	
	
	<select id ="getTrainerNum" resultType="_int">
		SELECT DG_TRAINER_SEQ.CURRVAL FROM DUAL	
	</select>
	
	<!-- 트레이너 총 인원수 -->
	<select id="trainerCnt" resultType="_int">
		SELECT COUNT(*) FROM DG_TRAINER
	</select>
	
	<select id="getDetail" parameterType="string" resultType="trainerVO">
		SELECT * FROM DG_TRAINER
		WHERE TRAINERID = #{trainerId}
	</select>
	
	<update id="updateAccount" parameterType="trainerVO">
		UPDATE DG_TRAINER 
		SET TRAINERACCOUNT = #{trainerAccount}
		WHERE TRAINERID = #{trainerId}
	</update>
	
	<update id="updateURL" parameterType="trainerVO">
		UPDATE DG_TRAINER 
		SET TRAINERURL = #{trainerUrl}
		WHERE TRAINERID = #{trainerId}
	</update>
	
	<delete id="myPageDrawal" parameterType="trainerVO">
	DELETE FROM DG_TRAINER WHERE TRAINERID = #{trainerId} AND TRAINERPW = #{trainerPw}
	</delete>
	
	<select id="getSnsNum" resultType="_int">
		SELECT DG_SNS_SEQ.NEXTVAL FROM DUAL
	</select>
	
	<!-- 포인트 충전 -->
	<update id="chargeTrainerPoint" parameterType="trainerVO">
		UPDATE DG_TRAINER SET TRAINERPOINT = TRAINERPOINT + #{trainerPoint} WHERE TRAINERID = #{trainerId}
	</update>
	
</mapper>
