<?xml version="1.0" encoding="UTF-8"?>
<!DOCTYPE mapper PUBLIC "-//mybatis.org//DTD Mapper 3.0//EN" "http//mybatis.org/dtd/mybatis-3-mapper.dtd">
<!-- review 6번 사용 -->
<mapper namespace="Files">
	<!-- 리뷰 -->
	<!-- 리뷰 첨부파일 이름 등록 -->
	<insert id="reviewInsert" parameterType="filenameVO">
		INSERT INTO FILENAME VALUES(#{categoryNum}, #{boardNum}, #{fileName})
	</insert>
	
	<!-- 리뷰 첨부파일 가져오기 -->
	<select id="getReviewFile" parameterType="map" resultType="filenameVO">
		SELECT * FROM FILENAME WHERE CATEGORYNUM = #{categoryNum} AND boardNum = #{reviewNum}
	</select>
	
	
	
	<!-- Q&A -->
	<insert id="insertFile" parameterType="filesVO">
		INSERT INTO FILENAME VALUES(#{fileName}, #{boardNum})
	</insert>
	
	<select id="getFileList" parameterType="_int" resultType="filesVO">
		SELECT * FROM FILENAME WHERE BOARDNUM = #{boardNum}
	</select>
	
	<delete id="deleteFile" parameterType="_int">
		DELETE FROM FILENAME WHERE BOARDNUM = #{boardNum}
	</delete>
</mapper>