<?xml version="1.0" encoding="UTF-8"?>
<!DOCTYPE mapper PUBLIC "-//mybatis.org//DTD Mapper 3.0//EN" "http//mybatis.org/dtd/mybatis-3-mapper.dtd">
<mapper namespace="Member">
	<insert id="join" parameterType="memberVO">
		INSERT INTO DG_MEMBER(MEMBERID,MEMBERPW,MEMBERPHONE)
		VALUES(
			#{memberId}, #{memberPw}, #{memberPhone}
		)
	</insert>
	
	<select id="checkId" parameterType="string" resultType="_int">
		SELECT COUNT(*) FROM DG_MEMBER WHERE MEMBERID =#{memberId}
	</select>
	
	<select id="login" parameterType="map" resultType="_int">
		SELECT COUNT(*) FROM DG_MEMBER 
		WHERE MEMBERID =#{id} AND MEMBERPW =#{pw} 
	</select>
	
	<delete id="withdrawal" parameterType="string">
		DELETE DG_MEMBER WHERE MEMBERID =#{id}
	</delete>
	
	
	<!-- 포인트 충전 -->
	<update id="chargePoint" parameterType="memberVO">
		UPDATE DG_MEMBER SET MEMBERPOINT = MEMBERPOINT + #{memberPoint} WHERE MEMBERID = #{memberId}
	</update>
	
</mapper>