<?xml version="1.0" encoding="UTF-8"?>
<!DOCTYPE mapper PUBLIC "-//mybatis.org//DTD Mapper 3.0//EN" "http://mybatis.org/dtd/mybatis-3-mapper.dtd">
<mapper namespace="com.koreait.mapper.BoardMapper">
	<!-- 게시글 등록 -->
	<insert id="insert">
		INSERT INTO TBL_BOARD(BNO, TITLE, CONTENT, WRITER)
		VALUES(SEQ_BOARD.NEXTVAL, #{title}, #{content}, #{writer})
	</insert>
	
	<!-- 게시글 번호를 얻어와서 몇번 째 넣은지 보고 등록하기 -->
	<insert id="insertSelectKey_bno">
		<selectKey keyProperty="bno" order="BEFORE" resultType="long">
			SELECT SEQ_BOARD.NEXTVAL FROM DUAL 
		</selectKey>
		INSERT INTO TBL_BOARD(BNO, TITLE, CONTENT, WRITER)
		VALUES(#{bno}, #{title}, #{content}, #{writer})
	</insert>
	
	<!-- 게시글 상세보기 -->
	<select id="read" resultType="com.koreait.domain.BoardVO">
		SELECT BNO, TITLE, CONTENT, WRITER, REGDATE, UPDATEDATE FROM TBL_BOARD WHERE BNO = #{bno}
	</select>
	
	<!-- 게시글 전체 불러오기 -->
	<select id="getList" resultType="com.koreait.domain.BoardVO">
		<![CDATA[SELECT BNO, TITLE, CONTENT, WRITER, REGDATE, UPDATEDATE FROM TBL_BOARD WHERE BNO > 0]]>
	</select>
	
	<!-- 게시글 수정하기 -->
	<update id="update">
		UPDATE TBL_BOARD
		SET TITLE = #{title}, CONTENT = #{content}, UPDATEDATE = SYSDATE
		WHERE BNO = #{bno}
	</update>
	
	<!-- 게시글 삭제하기 -->
	<delete id="delete">
		DELETE FROM TBL_BOARD WHERE BNO = #{bno}
	</delete>
	
	<!-- 게시글 전체 개수 -->
	<select id="getTotal" resultType="_int">
		SELECT COUNT(BNO) FROM TBL_BOARD
		<where>
			<trim suffixOverrides="AND">
				<include refid="criteria"/>
			</trim>
		</where>
	</select>
	
	<sql id="criteria">
		<if test="type != null and keyword != null">
			<trim prefix="(" suffix=") AND" prefixOverrides="OR">
				<foreach item="type" collection="typeArr">
					<trim prefix="OR">
						<choose>
							<when test="type == 'T'.toString()">
								TITLE LIKE '%'||#{keyword}||'%'
							</when>
							<when test="type == 'C'.toString()">
								CONTENT LIKE '%'||#{keyword}||'%'
							</when>
							<when test="type == 'W'.toString()">
								WRITER LIKE '%'||#{keyword}||'%'
							</when>
							<otherwise>
								TITLE LIKE '%'||#{keyword}||'%' OR CONTENT LIKE '%'||#{keyword}||'%' OR WRITER LIKE '%'||#{keyword}||'%'
							</otherwise>
						</choose>
					</trim>
				</foreach>
			</trim>
		</if>
	</sql>
	
	<!-- 게시글 전체에서 일부만 가져오기 -->
	<select id="getListWithPaging" resultType="com.koreait.domain.BoardVO">
		SELECT BNO, TITLE, CONTENT, WRITER, REGDATE, UPDATEDATE FROM
			(SELECT /*+ INDEX_DESC(TBL_BOARD PK_BOARD) */ 
				ROWNUM RN, BNO, TITLE, CONTENT, WRITER, REGDATE, UPDATEDATE
				FROM TBL_BOARD WHERE 
				<include refid="criteria"/>
				ROWNUM <![CDATA[<=]]> #{pageNum} * #{amount})
		WHERE RN <![CDATA[>]]> (#{pageNum} - 1) * #{amount}
	</select>
</mapper>