<?xml version="1.0" encoding="UTF-8"?>
<!DOCTYPE mapper PUBLIC "-//mybatis.org//DTD Mapper 3.0//EN" "http://mybatis.org/dtd/mybatis-3-mapper.dtd">
<mapper namespace="Trainer">
	<insert id="join" parameterType="trainerVO">
		INSERT INTO DG_TRAINER(TRAINERID,TRAINERPW,TRAINERNAME,TRAINERPHONENUM,TRAINERGENDER,TRAINEREMAIL,TRAINERACCOUNT,TRAINERADDRESSZIPCODE,
		TRAINERADDRESS,TRAINERADDRESSDETAIL,TRAINERURL,TRAINERNUM)
		 VALUES (#{trainerId},#{trainerPw},#{trainerName},#{trainerPhoneNum},#{trainerGender},#{trainerEmail},#{trainerAccount},#{trainerAddressZipCode},
		 #{trainerAddress},#{trainerAddressDetail},#{trainerUrl},DG_TRAINER_SEQ.NEXTVAL)		
	</insert>
	
	<select id="checkId" parameterType="string" resultType="_int">
		SELECT COUNT(*) FROM DG_TRAINER WHERE TRAINERID = #{trainerId}	
	</select>
	
	<select id="login" parameterType="map" resultType="_int">
		SELECT COUNT(*) FROM DG_TRAINER WHERE TRAINERID = #{id} AND TRAINERPW = #{pw}		
	</select>
	
	<select id ="getTrainerNum" resultType="_int">
		SELECT DG_TRAINER_SEQ.CURRVAL FROM DUAL	
	</select>
</mapper>