<?xml version="1.0" encoding="UTF-8"?>
<!DOCTYPE mapper PUBLIC "-//mybatis.org//DTD Mapper 3.0//EN" "http://mybatis.org/dtd/mybatis-3-mapper.dtd">
<mapper namespace="com.campfire.mapper.MarketBoardAttachMapper">
	<select id="findByBno" resultType="com.campfire.domain.marketBoard.MarketBoardAttachVO">
		SELECT UUID, UPLOADPATH, FILENAME, FILETYPE, BNO
		FROM TBL_MARKET_ATTACH 
		WHERE BNO = #{bno}
	</select>
	
	<select id="getOldFiles" resultType="com.campfire.domain.marketBoard.MarketBoardAttachVO">
		SELECT UUID, UPLOADPATH, FILENAME, FILETYPE, BNO
		FROM TBL_MARKET_ATTACH 
		WHERE UPLOADPATH = TO_CHAR(SYSDATE - 1, 'YYYY\MM\DD')
	</select>
	
	<insert id="insert">
		INSERT INTO TBL_MARKET_ATTACH(UUID, UPLOADPATH, FILENAME, FILETYPE, BNO)
		VALUES(#{uuid}, #{uploadPath}, #{fileName}, #{fileType}, #{bno})
	</insert>
	
	<delete id="delete">
		DELETE FROM TBL_MARKET_ATTACH WHERE UUID = #{uuid}
	</delete>
	
	<delete id="deleteAll">
		DELETE FROM TBL_MARKET_ATTACH WHERE BNO = #{bno}
	</delete>
	
	<!-- 첫번째 올린 사진을 썸네일로 사용  -->
	<select id="thumbnail" resultType="com.campfire.domain.marketBoard.MarketBoardAttachVO">
		SELECT /*+ INDEX_ASC(TBL_MARKET_ATTACH SYS_C007283)*/ 
		ROWNUM, UUID, UPLOADPATH, FILENAME, FILETYPE, BNO 
		FROM TBL_MARKET_ATTACH 
		WHERE BNO = #{bno} AND ROWNUM = 1
	</select>
</mapper>