<?xml version="1.0" encoding="UTF-8"?>
<!DOCTYPE mapper PUBLIC "-//mybatis.org//DTD Mapper 3.0//EN" "http://mybatis.org/dtd/mybatis-3-mapper.dtd">
<mapper namespace="com.campfire.mapper.ReviewBoardMapper">
	<sql id="keyword">
		<choose>
			<when test="keyword != null and keyword != ''">
				OR TITLE LIKE '%'||#{keyword}||'%' 
				OR CONTENT LIKE '%'||#{keyword}||'%' 
				OR WRITER LIKE '%'||#{keyword}||'%' 
				OR ADDRESS LIKE '%'||#{keyword}||'%' 
				OR ADDRESS_DETAIL LIKE '%'||#{keyword}||'%' 
				OR ADDRESS_ETC LIKE '%'||#{keyword}||'%' 
				OR CAMPNAME LIKE '%'||#{keyword}||'%' 
			</when>
		</choose>
	</sql>
	
	<sql id="typeCriteria">
		<if test="categories != null and categories != ''">
			AND (CATEGORIES LIKE #{categories}) 
		</if>
	</sql>
	<sql id="period">
		<choose>
			<when test="from != null and from != '' and from == 'day'.toString()">
			AND REGDATE BETWEEN SYSDATE-1 AND SYSDATE 
			ORDER BY REGDATE DESC
			</when>
			<when test="from != null and from != '' and from == 'week'.toString()">
			AND REGDATE BETWEEN SYSDATE-7 AND SYSDATE 
			ORDER BY REGDATE DESC
			</when>
			<when test="from != null and from != '' and from == 'month'.toString()">
			AND REGDATE BETWEEN SYSDATE-30 AND SYSDATE 
			ORDER BY REGDATE DESC
			</when>
			<when test="from != null and from != '' and from == 'month3'.toString()">
			AND REGDATE BETWEEN SYSDATE-31 AND SYSDATE 
			ORDER BY REGDATE DESC
			</when>
		</choose>
	</sql>

	<select id="selectBoardList" resultType="com.campfire.domain.reviewBoard.ReviewBoardVO">
		SELECT BNO, TITLE, CONTENT, WRITER, TO_CHAR(REGDATE, 'YYYY-MM-DD hh:mm') as REGDATE, TO_CHAR(UPDATEDATE, 'YYYY-MM-DD hh:mm') as UPDATEDATE, LIKECNT, READCNT, REPLYCNT, STAR, THUMB, CAMPNAME, CATEGORIES 
		FROM (
			SELECT /*+ INDEX_DESC(TBL_REVIEW_BOARD PK_REVIEW_BOARD) */ ROWNUM rn, BNO, TITLE, CONTENT, WRITER, REGDATE, UPDATEDATE, LIKECNT, READCNT, REPLYCNT, STAR, THUMB, CAMPNAME, CATEGORIES 
			FROM TBL_REVIEW_BOARD
			WHERE 
			<![CDATA[
				ROWNUM <= #{pageNum} * #{amount}
			]]>
				
				<trim suffixOverrides="AND">
					<include refid="typeCriteria"></include>
					<include refid="keyword"></include>
			        <include refid="period"></include>
				</trim>
				) 
			<![CDATA[
				WHERE rn > (#{pageNum} - 1) * #{amount}
			]]>
	</select>
	
	<select id="getTotal" resultType="_int">
		SELECT COUNT(BNO) FROM TBL_REVIEW_BOARD 
	<where>
		<trim suffixOverrides="AND">
			<include refid="typeCriteria"></include>
			<include refid="keyword"></include>
	        <include refid="period"></include>
		</trim>
	</where>
	</select>
	
	<insert id="insertBoard">
		<selectKey keyProperty="bno" order="BEFORE" resultType="long">
			SELECT SEQ_REVIEW_BOARD.NEXTVAL FROM DUAL 
		</selectKey>
		INSERT INTO TBL_REVIEW_BOARD (BNO, TITLE, CONTENT, WRITER, ZIPCODE, ADDRESS, ADDRESS_DETAIL, ADDRESS_ETC, STAR, THUMB, CAMPNAME, CATEGORIES) 
		VALUES (#{bno}, #{title}, #{content}, #{writer}, #{zipcode}, #{address}, #{addressDetail}, #{addressEtc}, #{star}, #{thumb}, #{campName}, #{categories})
	</insert>
	
	<select id="selectBoard" resultType="com.campfire.domain.reviewBoard.ReviewBoardVO">
		SELECT BNO, TITLE, CONTENT, WRITER, TO_CHAR(REGDATE, 'YYYY-MM-DD') as REGDATE, TO_CHAR(UPDATEDATE, 'YYYY-MM-DD') as UPDATEDATE, LIKECNT, READCNT, REPLYCNT, READCNT, ZIPCODE, ADDRESS, ADDRESS_DETAIL, ADDRESS_ETC, STAR, THUMB, CAMPNAME
		FROM TBL_REVIEW_BOARD
		WHERE BNO = #{bno}
	</select>
	
	<update id="updateBoard">
		UPDATE TBL_REVIEW_BOARD
		SET TITLE = #{title}, CONTENT = #{content}, UPDATEDATE = SYSDATE, ZIPCODE = #{zipcode}, ADDRESS = #{address}, ADDRESS_DETAIL = #{addressDetail}, ADDRESS_ETC = #{addressEtc}, STAR = #{star}, THUMB = #{thumb}, CAMPNAME = #{campName} 
		WHERE BNO = #{bno}
	</update>
	
	<delete id="deleteBoard">
		DELETE TBL_REVIEW_BOARD
		WHERE BNO = #{bno}
	</delete>
	
	<update id="updateReadCnt">
		UPDATE TBL_REVIEW_BOARD
		SET READCNT = READCNT + 1
		WHERE BNO = #{bno}
	</update>
	
	<update id="updateReplyCnt">
		UPDATE TBL_REVIEW_BOARD
		SET REPLYCNT = REPLYCNT + #{amount}
		WHERE BNO = #{bno}
	</update>
	
	<update id="updateLikeCnt">
		UPDATE TBL_REVIEW_BOARD
		SET LIKECNT = LIKECNT + #{amount}
		WHERE BNO = #{bno}
	</update>
	
	<insert id="insertLike">
		INSERT INTO TBL_REVIEW_LIKE (BNO, USERID) 
		VALUES (#{bno}, #{userId})
	</insert>
	
	<select id="checkLike" resultType="_int">
		SELECT COUNT(BNO) 
		FROM TBL_REVIEW_LIKE 
		WHERE BNO = #{bno} AND USERID = #{userId} 
	</select>
	
	<delete id="deleteLike">
		DELETE TBL_REVIEW_LIKE 
		WHERE BNO = #{bno} AND USERID = #{userId}
	</delete>
	
	<update id="plusLikeCnt">
		UPDATE TBL_REVIEW_BOARD 
		SET LIKECNT = LIKECNT + 1 
		WHERE BNO = #{bno}
	</update>
	
	<update id="minusLikeCnt">
		UPDATE TBL_REVIEW_BOARD 
		SET LIKECNT = LIKECNT - 1 
		WHERE BNO = #{bno}
	</update>
	
	<select id="getLikeCnt" resultType="_int">
		SELECT LIKECNT FROM TBL_REVIEW_BOARD WHERE BNO = #{bno}
	</select>
</mapper>