<?xml version="1.0" encoding="UTF-8"?>
<!DOCTYPE mapper PUBLIC "-//mybatis.org//DTD Mapper 3.0//EN" "http//mybatis.org/dtd/mybatis-3-mapper.dtd">
<mapper namespace="Qna">
	<insert id="insertQnaBoard" parameterType="qnaVO">
		INSERT INTO DG_QNA VALUES (DG_QNA_SEQ.NEXTVAL,SYSDATE,#{qnaTitle},#{memberId},#{qnaContent},0)
	</insert>
	
	<select id="test" resultType="qnaVO">
		SELECT * FROM DG_QNA
	</select>
	
	<select id="getBoardCnt" resultType="_int">
		SELECT COUNT(*) FROM DG_QNA
	</select>
	
	<select id="listAll" parameterType="map" resultType="qnaVO">
		SELECT * FROM 
			(SELECT ROWNUM R, D.* FROM 
				(SELECT * FROM DG_QNA ORDER BY QNANUM DESC) D) B
		WHERE B.R BETWEEN #{startRow} AND #{endRow}
	</select>
</mapper>